{
  "lyapunov_time_steps": {
    "mackey_glass": 170.75948896374575,
    "lorenz": 55.21201413427562
  },
  "lorenz": {
    "nrmse": 0.1646699494401347,
    "nrmse_std": 0.004637720406959939,
    "vpt_steps": 235.0,
    "vpt_std": 46.75467891024384,
    "vpt_lyap": 4.25632
  },
  "mackey_glass": {
    "nrmse": 2.3291376318516805,
    "nrmse_std": 1.044734327956221,
    "vpt_steps": 51.0,
    "vpt_std": 22.80350850198276,
    "vpt_lyap": 0.2986656865131981
  },
  "narma10_esn": {
    "nrmse": 0.18469954799922308,
    "nrmse_std": 0.006031078342880317
  },
  "memory_capacity_total": {
    "rho_0.5": 21.352223912607236,
    "rho_0.8": 29.643938146701753,
    "rho_0.95": 36.92888784257619,
    "rho_1.1": 35.31262447351304
  },
  "runtime_sec": 1373.5441660881042,
  "seeds": [
    42,
    43,
    44,
    45,
    46
  ]
}