{
  "mackey_glass": {
    "nrmse": 0.48881807479935746,
    "nrmse_std": 0.5865343044279395,
    "vpt_steps": 220.8,
    "vpt_std": 113.86904759415528,
    "vpt_lyap": 1.293046736904199
  },
  "lorenz": {
    "nrmse": 0.1646699494401347,
    "nrmse_std": 0.004637720406959939,
    "vpt_steps": 235.0,
    "vpt_std": 46.75467891024384,
    "vpt_lyap": 4.25632
  },
  "narma10": {
    "nrmse": 0.18469954799922308,
    "nrmse_std": 0.006031078342880317
  }
}